date,name,lat,lng,depth,magnitude,degree
2024/01/01 08:15:03,青森県東方沖,41.484,142.003,57 km,3.5,震度１
2024/01/01 16:06:06,石川県能登地方,37.502,137.235,12 km,5.5,震度５強
2024/01/01 16:10:23,石川県能登地方,37.485,137.267,16 km,7.6,震度７
2024/01/01 16:12:17,能登半島沖,37.151,136.651,9 km,5.7,震度６弱
2024/01/01 16:17:49,石川県能登地方,37.317,136.935,12 km,5.1,震度４
2024/01/01 16:18:34,能登半島沖,37.084,136.718,16 km,4,震度４
2024/01/01 16:18:43,石川県能登地方,37.186,136.817,11 km,6.1,震度５強
2024/01/01 16:20:35,石川県能登地方,37.185,136.869,7 km,4.1,震度３
2024/01/01 16:21:28,石川県能登地方,37.285,136.919,10 km,4.2,震度３
2024/01/01 16:21:52,石川県能登地方,37.267,136.885,18 km,4.8,震度２
2024/01/01 16:23:47,石川県能登地方,37.452,137.168,12 km,4.3,震度３
2024/01/01 16:24:52,石川県能登地方,37.201,137.036,4 km,3.8,震度３
2024/01/01 16:25:42,能登半島沖,37.467,137.086,18 km,4.1,震度３
2024/01/01 16:28:13,石川県能登地方,37.218,137.035,2 km,4.5,震度３
2024/01/01 16:29:03,能登半島沖,37.502,137.085,10 km,4.7,震度４
2024/01/01 16:31:00,石川県能登地方,37.386,137.184,8 km,3.7,震度２
2024/01/01 16:31:44,石川県能登地方,37.269,137.084,20 km,3.8,震度２
2024/01/01 16:32:32,石川県能登地方,37.286,136.833,12 km,4.1,震度３
2024/01/01 16:32:43,石川県能登地方,37.318,136.968,13 km,4.7,震度３
2024/01/01 16:33:04,石川県能登地方,37.336,137.034,14 km,4,震度２
2024/01/01 16:33:38,能登半島沖,37.186,136.634,2 km,4.3,震度２
2024/01/01 16:35:03,能登半島沖,37.186,136.603,7 km,3.3,震度３
2024/01/01 16:35:45,佐渡付近,37.736,137.619,20 km,4.3,震度１
2024/01/01 16:35:46,石川県能登地方,37.368,137.085,14 km,4.1,震度２
2024/01/01 16:36:14,能登半島沖,37.417,136.801,7 km,4.3,震度２
2024/01/01 16:37:34,石川県能登地方,37.253,136.867,14 km,4.6,震度３
2024/01/01 16:38:21,能登半島沖,37.135,136.668,5 km,3.4,震度２
2024/01/01 16:39:06,能登半島沖,37.584,137.368,2 km,3.8,震度３
2024/01/01 16:39:29,能登半島沖,37.5,137.369,3 km,4.1,震度２
2024/01/01 16:39:50,能登半島沖,37.536,137.435,13 km,5.2,震度４
2024/01/01 16:40:42,石川県能登地方,37.235,136.818,12 km,4.1,震度３
2024/01/01 16:41:26,石川県能登地方,37.234,136.817,7 km,3.6,震度２
2024/01/01 16:42:00,石川県能登地方,37.202,136.718,9 km,3.6,震度１
2024/01/01 16:42:34,石川県能登地方,37.219,136.851,11 km,3.9,震度４
2024/01/01 16:42:44,石川県能登地方,37.436,137.184,12 km,5,震度４
2024/01/01 16:45:02,佐渡付近,37.819,137.719,14 km,3.7,震度２
2024/01/01 16:45:32,佐渡付近,37.851,137.834,14 km,4.7,震度３
2024/01/01 16:46:33,石川県能登地方,37.236,136.751,0 km,3.9,震度１
2024/01/01 16:47:24,石川県能登地方,37.236,136.902,13 km,3.5,震度３
2024/01/01 16:48:05,石川県能登地方,37.133,136.85,10 km,2.9,震度３
2024/01/01 16:48:15,石川県能登地方,37.25,136.835,13 km,4.9,震度４
2024/01/01 16:49:47,石川県能登地方,37.369,136.986,11 km,4.3,震度３
2024/01/01 16:51:16,石川県能登地方,37.336,137.05,15 km,4.3,震度３
2024/01/01 16:52:26,佐渡付近,37.768,137.652,23 km,4.2,震度２
2024/01/01 16:53:28,佐渡付近,37.736,137.669,19 km,3.7,震度２
2024/01/01 16:55:00,能登半島沖,37.268,136.718,6 km,4.1,震度３
2024/01/01 16:56:49,石川県能登地方,37.252,136.851,14 km,5.8,震度５強
2024/01/01 16:57:54,能登半島沖,37.586,137.234,11 km,4.5,震度３
2024/01/01 16:59:14,石川県能登地方,37.386,137.15,12 km,3.9,震度２
2024/01/01 16:59:55,佐渡付近,37.852,137.75,11 km,4,震度３
2024/01/01 17:00:40,石川県能登地方,37.285,136.801,6 km,3.6,震度２
2024/01/01 17:02:04,石川県能登地方,37.35,136.936,2 km,3.5,震度１
2024/01/01 17:02:45,能登半島沖,37.617,137.35,8 km,5,震度４
2024/01/01 17:04:29,石川県能登地方,37.367,136.969,14 km,3.8,震度２
2024/01/01 17:06:15,石川県能登地方,37.367,136.952,6 km,3.8,震度３
2024/01/01 17:06:59,能登半島沖,37.518,137.402,0 km,3.5,震度２
2024/01/01 17:07:10,能登半島沖,37.102,136.602,0 km,5.3,震度４
2024/01/01 17:10:17,石川県能登地方,37.385,137.1,11 km,4,震度２
2024/01/01 17:11:34,佐渡付近,37.835,137.719,11 km,3.9,震度２
2024/01/01 17:13:09,石川県能登地方,37.433,137.083,8 km,3.8,震度２
2024/01/01 17:14:25,石川県能登地方,37.351,136.867,8 km,3.9,震度２
2024/01/01 17:14:58,能登半島沖,37.118,136.667,0 km,3.1,震度１
2024/01/01 17:15:20,石川県能登地方,37.201,136.768,10 km,3.4,震度２
2024/01/01 17:15:47,石川県能登地方,37.302,136.85,10 km,4.3,震度２
2024/01/01 17:17:48,石川県能登地方,37.467,137.151,12 km,4.7,震度４
2024/01/01 17:18:40,石川県能登地方,37.184,136.835,10 km,4.1,震度３
2024/01/01 17:19:39,石川県能登地方,37.235,136.868,0 km,3.8,震度２
2024/01/01 17:20:32,石川県能登地方,37.368,136.919,2 km,3.9,震度３
2024/01/01 17:21:30,石川県能登地方,37.167,136.7,3 km,3.5,震度４
2024/01/01 17:22:11,石川県能登地方,37.453,137.201,12 km,4.9,震度５弱
2024/01/01 17:23:01,石川県能登地方,37.269,136.801,13 km,4.3,震度２
2024/01/01 17:23:33,石川県能登地方,37.467,137.119,12 km,3.8,震度２
2024/01/01 17:23:58,石川県能登地方,37.152,136.702,2 km,3.6,震度３
2024/01/01 17:25:00,石川県能登地方,37.486,137.3,9 km,4.1,震度４
2024/01/01 17:26:10,石川県能登地方,37.467,137.217,8 km,3.6,震度３
2024/01/01 17:26:40,能登半島沖,37.117,136.618,1 km,3.6,震度３
2024/01/01 17:27:18,能登半島沖,37.602,137.368,15 km,4.2,震度２
2024/01/01 17:28:22,石川県能登地方,37.185,136.718,1 km,2.6,震度１
2024/01/01 17:29:03,新潟県上中越沖,37.619,137.534,16 km,4.5,震度３
2024/01/01 17:30:24,石川県能登地方,37.185,136.817,15 km,4.1,震度２
2024/01/01 17:32:12,石川県能登地方,37.203,136.718,5 km,2.4,震度１
2024/01/01 17:32:34,佐渡付近,37.767,137.668,14 km,3.4,震度１
2024/01/01 17:33:38,能登半島沖,37.668,137.451,6 km,3.8,震度２
2024/01/01 17:34:42,石川県能登地方,37.368,136.851,0 km,2.9,震度２
2024/01/01 17:36:20,石川県能登地方,37.418,137.169,12 km,3.8,震度２
2024/01/01 17:36:59,石川県能登地方,37.169,136.685,5 km,3.7,震度３
2024/01/01 17:38:20,石川県能登地方,37.452,137.151,11 km,3.2,震度２
2024/01/01 17:39:53,石川県能登地方,37.318,136.786,0 km,4.2,震度３
2024/01/01 17:40:41,能登半島沖,37.635,137.351,10 km,4.1,震度３
2024/01/01 17:42:03,石川県能登地方,37.268,136.968,0 km,3.2,震度２
2024/01/01 17:44:17,能登半島沖,37.134,136.652,6 km,3.4,震度２
2024/01/01 17:45:10,石川県能登地方,37.317,136.786,13 km,3.3,震度２
2024/01/01 17:46:09,石川県能登地方,37.368,136.935,7 km,3,震度１
2024/01/01 17:47:10,石川県能登地方,37.435,137.119,7 km,3.2,震度２
2024/01/01 17:47:28,石川県能登地方,37.253,136.867,13 km,3.1,震度２
2024/01/01 17:48:03,石川県能登地方,37.35,137.034,12 km,3.6,震度２
2024/01/01 17:48:24,佐渡付近,37.886,137.7,18 km,4.8,震度３
2024/01/01 17:49:51,能登半島沖,37.519,137.001,3 km,4.2,震度２
2024/01/01 17:50:06,石川県能登地方,37.45,137.185,13 km,4.1,震度３
2024/01/01 17:51:12,能登半島沖,37.102,136.652,8 km,3.3,震度２
2024/01/01 17:51:43,石川県能登地方,37.319,137.034,12 km,3.1,震度１
2024/01/01 17:51:56,佐渡付近,37.735,137.535,20 km,3.1,震度１
2024/01/01 17:53:13,石川県能登地方,37.285,136.818,11 km,3.7,震度２
2024/01/01 17:54:21,石川県能登地方,37.468,137.134,13 km,3.3,震度２
2024/01/01 17:55:19,石川県能登地方,37.368,136.885,0 km,3.6,震度４
2024/01/01 17:57:17,石川県能登地方,37.284,136.902,14 km,3.8,震度２
2024/01/01 17:58:02,石川県能登地方,37.351,136.951,13 km,3.6,震度２
2024/01/01 17:58:22,富山湾,37.453,137.369,11 km,3,震度１
2024/01/01 17:58:46,石川県能登地方,37.219,136.719,8 km,3.7,震度２
2024/01/01 17:59:19,能登半島沖,37.284,136.684,6 km,3.5,震度２
2024/01/01 18:00:10,石川県能登地方,37.335,136.934,9 km,3.8,震度２
2024/01/01 18:00:50,石川県能登地方,37.368,136.867,12 km,4,震度１
2024/01/01 18:01:28,能登半島沖,37.118,136.669,6 km,3.6,震度３
2024/01/01 18:02:10,石川県能登地方,37.419,137.102,7 km,3.3,震度２
2024/01/01 18:02:39,石川県能登地方,37.319,136.785,9 km,3.2,震度１
2024/01/01 18:03:50,能登半島沖,37.585,137.401,14 km,5.5,震度５弱
2024/01/01 18:06:15,能登半島沖,37.534,137.451,13 km,4.7,震度３
2024/01/01 18:08:18,能登半島沖,37.569,137.369,14 km,5.8,震度５強
2024/01/01 18:10:10,石川県能登地方,37.484,137.201,10 km,3.9,震度２
2024/01/01 18:30:22,能登半島沖,37.55,137.368,12 km,4.9,震度４
2024/01/01 18:40:00,能登半島沖,37.101,136.636,6 km,4.8,震度５弱
2024/01/01 18:42:06,石川県能登地方,37.3,136.834,8 km,3.8,震度３
2024/01/01 18:42:32,石川県能登地方,37.235,136.801,11 km,3.3,震度１
2024/01/01 18:45:19,新潟県上中越沖,37.568,137.618,18 km,4.5,震度３
2024/01/01 18:46:57,佐渡付近,37.734,137.602,11 km,3.3,震度２
2024/01/01 18:47:27,石川県能登地方,37.333,136.768,4 km,3,震度１
2024/01/01 18:48:52,石川県能登地方,37.201,136.752,3 km,2.9,震度１
2024/01/01 18:49:15,能登半島沖,37.569,137.351,3 km,4.3,震度３
2024/01/01 18:50:34,石川県能登地方,37.352,136.953,5 km,3,震度２
2024/01/01 18:51:58,石川県能登地方,37.434,137.201,12 km,3.4,震度１
2024/01/01 18:52:31,新潟県上中越沖,37.667,137.518,8 km,3.9,震度３
2024/01/01 18:53:11,佐渡付近,37.834,137.735,16 km,3.3,震度２
2024/01/01 18:53:50,石川県能登地方,37.451,137.252,13 km,3.9,震度３
2024/01/01 18:54:54,石川県能登地方,37.284,136.817,0 km,3.1,震度１
2024/01/01 18:56:12,能登半島沖,37.403,136.935,8 km,4.1,震度４
2024/01/01 18:57:58,佐渡付近,37.901,137.717,23 km,3.6,震度１
2024/01/01 18:59:21,石川県能登地方,37.234,136.801,9 km,3.6,震度２
2024/01/01 19:01:03,石川県能登地方,37.468,137.135,12 km,2.8,震度１
2024/01/01 19:01:24,石川県能登地方,37.336,136.985,8 km,3.2,震度１
2024/01/01 19:01:42,佐渡付近,37.85,137.735,12 km,3.6,震度３
2024/01/01 19:02:38,石川県能登地方,37.335,136.967,12 km,3.6,震度３
2024/01/01 19:03:19,佐渡付近,37.769,137.784,18 km,3,震度１
2024/01/01 19:03:21,石川県能登地方,37.318,136.768,5 km,3.4,震度２
2024/01/01 19:04:57,石川県能登地方,37.168,136.868,12 km,3.4,震度２
2024/01/01 19:05:36,石川県能登地方,37.351,136.918,2 km,3.1,震度３
2024/01/01 19:05:40,石川県能登地方,37.485,137.285,12 km,3.9,震度３
2024/01/01 19:06:09,石川県能登地方,37.35,136.884,8 km,3.5,震度２
2024/01/01 19:06:56,佐渡付近,37.884,137.702,19 km,4.3,震度２
2024/01/01 19:08:38,石川県能登地方,37.251,136.736,4 km,3.5,震度２
2024/01/01 19:09:42,石川県能登地方,37.251,136.768,4 km,3.4,震度２
2024/01/01 19:10:39,石川県能登地方,37.203,136.85,12 km,3.7,震度２
2024/01/01 19:14:20,石川県能登地方,37.183,136.703,10 km,3.4,震度２
2024/01/01 19:15:30,佐渡付近,37.853,137.819,18 km,3,震度１
2024/01/01 19:16:26,能登半島沖,37.468,136.917,3 km,3.5,震度１
2024/01/01 19:16:59,石川県能登地方,37.484,137.217,20 km,2.7,震度１
2024/01/01 19:20:06,佐渡付近,37.868,137.969,18 km,3.1,震度１
2024/01/01 19:21:36,能登半島沖,37.201,136.685,5 km,3.5,震度２
2024/01/01 19:22:03,佐渡付近,37.867,137.752,13 km,3.4,震度１
2024/01/01 19:25:58,石川県能登地方,37.451,137.186,13 km,4.3,震度２
2024/01/01 19:27:05,石川県能登地方,37.4,137.052,9 km,3.6,震度２
2024/01/01 19:27:59,石川県能登地方,37.467,137.218,10 km,4.5,震度４
2024/01/01 19:28:30,能登半島沖,37.401,136.768,8 km,3.8,震度３
2024/01/01 19:29:30,佐渡付近,37.752,137.669,18 km,2.4,震度２
2024/01/01 19:30:25,新潟県上中越沖,37.652,137.55,14 km,4.4,震度１
2024/01/01 19:31:54,石川県能登地方,37.368,137.083,12 km,3.4,震度１
2024/01/01 19:32:45,石川県能登地方,37.434,137.15,15 km,2.4,震度１
2024/01/01 19:33:43,新潟県上中越沖,37.668,137.584,6 km,2.8,震度１
2024/01/01 19:34:23,石川県能登地方,37.318,136.819,7 km,2.9,震度２
2024/01/01 19:34:47,石川県能登地方,37.267,137.084,0 km,2.6,震度２
2024/01/01 19:36:00,石川県能登地方,37.168,136.686,7 km,2.6,震度１
2024/01/01 19:37:05,石川県能登地方,37.169,136.919,7 km,2.6,震度２
2024/01/01 19:38:22,石川県能登地方,37.168,136.684,5 km,3.1,震度２
2024/01/01 19:38:35,石川県能登地方,37.3,136.868,9 km,3.7,震度２
2024/01/01 19:39:09,石川県能登地方,37.451,137.269,16 km,3.4,震度１
2024/01/01 19:39:25,石川県能登地方,37.435,137.102,9 km,3.1,震度１
2024/01/01 19:39:47,石川県能登地方,37.319,136.883,12 km,3,震度１
2024/01/01 19:40:26,能登半島沖,37.518,137.168,5 km,3.1,震度２
2024/01/01 19:41:38,石川県能登地方,37.317,136.85,7 km,3.2,震度１
2024/01/01 19:42:16,石川県能登地方,37.218,136.734,9 km,3.3,震度１
2024/01/01 19:44:42,石川県能登地方,37.402,136.952,2 km,3.2,震度１
2024/01/01 19:45:06,石川県能登地方,37.167,136.7,6 km,3.4,震度２
2024/01/01 19:46:14,石川県能登地方,37.286,136.918,2 km,3.5,震度１
2024/01/01 19:47:19,石川県能登地方,37.352,136.968,9 km,3.4,震度１
2024/01/01 19:47:49,能登半島沖,37.167,136.635,10 km,2.8,震度１
2024/01/01 19:48:05,石川県能登地方,37.484,137.285,10 km,2.9,震度２
2024/01/01 19:48:33,石川県能登地方,37.319,136.784,9 km,3.3,震度１
2024/01/01 19:50:00,能登半島沖,37.119,136.617,9 km,3.8,震度３
2024/01/01 19:50:30,石川県能登地方,37.218,136.718,10 km,3.4,震度２
2024/01/01 19:50:37,石川県能登地方,37.502,137.268,12 km,4.6,震度４
2024/01/01 19:54:15,石川県能登地方,37.335,137.017,8 km,3.3,震度１
2024/01/01 19:55:25,石川県能登地方,37.467,137.201,16 km,2.8,震度１
2024/01/01 19:55:58,石川県能登地方,37.217,136.734,3 km,2.9,震度１
2024/01/01 19:56:18,能登半島沖,37.134,136.618,1 km,2.9,震度２
2024/01/01 19:56:29,石川県能登地方,37.385,136.9,7 km,3.5,震度３
2024/01/01 19:58:55,石川県能登地方,37.185,136.719,3 km,2.8,震度１
2024/01/01 19:59:25,能登半島沖,37.534,137.069,6 km,2.5,震度１
2024/01/01 20:00:55,石川県能登地方,37.167,136.834,12 km,3.7,震度２
2024/01/01 20:02:46,石川県能登地方,37.384,136.851,0 km,2.3,震度２
2024/01/01 20:03:04,石川県能登地方,37.268,136.802,10 km,3.1,震度２
2024/01/01 20:03:33,石川県能登地方,37.152,136.684,8 km,3,震度２
2024/01/01 20:03:59,能登半島沖,37.551,137.368,7 km,3.6,震度１
2024/01/01 20:04:48,石川県能登地方,37.167,136.701,1 km,1.8,震度１
2024/01/01 20:05:39,石川県能登地方,37.235,136.768,10 km,2.1,震度２
2024/01/01 20:05:54,石川県能登地方,37.184,136.817,10 km,3.5,震度２
2024/01/01 20:06:51,石川県能登地方,37.336,136.853,9 km,3.3,震度１
2024/01/01 20:07:42,石川県能登地方,37.352,136.884,8 km,3.5,震度２
2024/01/01 20:09:29,佐渡付近,37.901,137.817,19 km,3.3,震度１
2024/01/01 20:09:44,能登半島沖,37.25,136.7,8 km,3,震度１
2024/01/01 20:10:33,石川県能登地方,37.486,137.219,8 km,2.7,震度１
2024/01/01 20:12:10,能登半島沖,37.585,137.4,10 km,3.6,震度１
2024/01/01 20:13:46,能登半島沖,37.2,136.684,8 km,3,震度１
2024/01/01 20:14:21,能登半島沖,37.485,137.435,10 km,3.1,震度１
2024/01/01 20:14:31,能登半島沖,37.418,136.817,13 km,2.7,震度１
2024/01/01 20:15:02,石川県能登地方,37.485,137.285,10 km,2.5,震度１
2024/01/01 20:15:22,石川県能登地方,37.485,137.269,10 km,3,震度２
2024/01/01 20:15:43,能登半島沖,37.2,136.685,4 km,3.3,震度２
2024/01/01 20:16:21,伊予灘,33.735,132.568,44 km,3.2,震度１
2024/01/01 20:16:43,能登半島沖,37.518,137.201,9 km,2.7,震度２
2024/01/01 20:17:02,石川県能登地方,37.151,136.718,6 km,3,震度２
2024/01/01 20:19:49,能登半島沖,37.553,137.152,6 km,2.9,震度２
2024/01/01 20:21:27,新潟県上中越沖,37.668,137.501,20 km,4.1,震度３
2024/01/01 20:22:19,石川県能登地方,37.368,137.018,8 km,3.3,震度２
2024/01/01 20:23:36,石川県能登地方,37.319,136.968,13 km,3.3,震度１
2024/01/01 20:25:16,石川県能登地方,37.302,136.885,0 km,2.5,震度２
2024/01/01 20:25:41,石川県能登地方,37.319,136.968,13 km,3.4,震度１
2024/01/01 20:27:36,石川県能登地方,37.352,136.851,0 km,4,震度３
2024/01/01 20:27:49,石川県能登地方,37.068,136.734,12 km,3.8,震度２
2024/01/01 20:29:44,石川県能登地方,37.418,137.151,12 km,3.3,震度１
2024/01/01 20:31:44,石川県能登地方,37.485,137.134,8 km,2.8,震度１
2024/01/01 20:32:43,石川県能登地方,37.384,136.951,7 km,3.7,震度３
2024/01/01 20:33:38,佐渡付近,37.851,137.784,18 km,4,震度１
2024/01/01 20:34:21,石川県能登地方,37.35,136.933,10 km,4.5,震度３
2024/01/01 20:35:41,石川県能登地方,37.151,136.751,2 km,4.5,震度５弱
2024/01/01 20:37:57,石川県能登地方,37.267,136.802,14 km,3.3,震度１
2024/01/01 20:38:16,石川県能登地方,37.251,136.752,9 km,3.2,震度１
2024/01/01 20:38:56,石川県能登地方,37.452,137.203,14 km,2.8,震度１
2024/01/01 20:39:58,石川県能登地方,37.184,136.768,4 km,2.4,震度１
2024/01/01 20:41:56,石川県能登地方,37.467,137.134,13 km,3.7,震度３
2024/01/01 20:43:48,石川県能登地方,37.251,136.868,11 km,3.7,震度２
2024/01/01 20:45:26,能登半島沖,37.118,136.585,9 km,3.1,震度１
2024/01/01 20:47:42,石川県能登地方,37.401,137.133,11 km,3.4,震度１
2024/01/01 20:48:06,石川県能登地方,37.151,136.7,12 km,3,震度１
2024/01/01 20:48:38,石川県能登地方,37.5,137.251,9 km,3.4,震度１
2024/01/01 20:49:55,石川県能登地方,37.183,136.818,11 km,3.5,震度２
2024/01/01 20:50:10,石川県能登地方,37.451,137.184,12 km,3.8,震度３
2024/01/01 20:51:22,石川県能登地方,37.45,137.103,9 km,2.9,震度２
2024/01/01 20:52:47,石川県能登地方,37.319,137.002,7 km,2.5,震度１
2024/01/01 20:54:03,石川県能登地方,37.318,136.867,5 km,3.6,震度１
2024/01/01 20:54:45,能登半島沖,37.235,136.7,8 km,3.6,震度２
2024/01/01 20:57:35,能登半島沖,37.585,137.45,9 km,4.2,震度２
2024/01/01 21:00:09,能登半島沖,37.102,136.652,4 km,3.1,震度２
2024/01/01 21:00:45,石川県能登地方,37.169,136.752,2 km,3.1,震度１
2024/01/01 21:03:59,石川県能登地方,37.267,136.8,9 km,3,震度３
2024/01/01 21:04:52,石川県能登地方,37.318,136.967,19 km,2.8,震度１
2024/01/01 21:07:40,能登半島沖,37.602,137.469,15 km,3.1,震度２
2024/01/01 21:09:17,石川県能登地方,37.219,136.769,9 km,2.9,震度１
2024/01/01 21:11:04,石川県能登地方,37.235,136.851,14 km,2.8,震度１
2024/01/01 21:12:17,石川県能登地方,37.167,136.803,9 km,3.1,震度２
2024/01/01 21:13:31,石川県能登地方,37.386,137.053,10 km,4.1,震度２
2024/01/01 21:13:32,福井県嶺北,36.069,136.268,6 km,1.4,震度１
2024/01/01 21:15:35,石川県能登地方,37.218,136.85,9 km,2.7,震度１
2024/01/01 21:15:46,石川県能登地方,37.401,136.968,12 km,2.9,震度１
2024/01/01 21:16:20,能登半島沖,37.236,136.685,11 km,3,震度２
2024/01/01 21:17:10,石川県能登地方,37.319,136.769,10 km,4.2,震度２
2024/01/01 21:19:45,石川県能登地方,37.317,136.734,9 km,3.5,震度１
2024/01/01 21:20:46,石川県能登地方,37.468,137.218,11 km,4.5,震度４
2024/01/01 21:22:09,能登半島沖,37.534,137.284,4 km,3.5,震度２
2024/01/01 21:22:28,石川県能登地方,37.319,136.785,15 km,3,震度１
2024/01/01 21:23:23,石川県能登地方,37.217,136.834,11 km,2.9,震度１
2024/01/01 21:23:43,石川県能登地方,37.435,137.052,7 km,3.8,震度２
2024/01/01 21:27:50,石川県能登地方,37.451,137.086,8 km,3.1,震度１
2024/01/01 21:29:15,石川県能登地方,37.352,136.835,8 km,3.3,震度１
2024/01/01 21:30:06,石川県能登地方,37.35,136.885,0 km,2.9,震度２
2024/01/01 21:31:33,石川県能登地方,37.468,137.268,11 km,3.1,震度１
2024/01/01 21:31:51,石川県能登地方,37.286,136.801,16 km,3.4,震度２
2024/01/01 21:32:41,石川県能登地方,37.467,137.201,13 km,2.9,震度１
2024/01/01 21:33:20,石川県能登地方,37.269,136.85,0 km,2.9,震度１
2024/01/01 21:36:30,石川県能登地方,37.335,136.953,12 km,3.5,震度２
2024/01/01 21:36:58,石川県能登地方,37.419,137.052,11 km,3.1,震度１
2024/01/01 21:37:28,石川県能登地方,37.385,136.835,11 km,2.5,震度１
2024/01/01 21:38:51,石川県能登地方,37.451,137.269,13 km,3.1,震度２
2024/01/01 21:39:51,石川県能登地方,37.401,137.034,5 km,2.4,震度１
2024/01/01 21:40:19,佐渡付近,37.703,137.617,9 km,3.7,震度１
2024/01/01 21:41:04,能登半島沖,37.117,136.669,2 km,3.8,震度２
2024/01/01 21:42:12,能登半島沖,37.119,136.669,6 km,3,震度２
2024/01/01 21:44:23,能登半島沖,37.102,136.633,0 km,2.2,震度１
2024/01/01 21:46:47,佐渡付近,37.701,137.533,17 km,2.9,震度１
2024/01/01 21:48:32,新潟県上中越沖,37.684,137.567,15 km,4.3,震度２
2024/01/01 21:49:43,石川県能登地方,37.368,136.902,9 km,2.9,震度１
2024/01/01 21:50:00,石川県能登地方,37.317,136.917,11 km,3.1,震度１
2024/01/01 21:53:05,能登半島沖,37.118,136.634,14 km,3.3,震度２
2024/01/01 21:54:28,能登半島沖,37.102,136.633,2 km,4.2,震度３
2024/01/01 21:55:20,石川県能登地方,37.451,137.102,9 km,3.2,震度１
2024/01/01 21:56:20,石川県能登地方,37.435,137.101,8 km,3.1,震度１
2024/01/01 21:57:49,能登半島沖,37.218,136.667,5 km,3.1,震度１
2024/01/01 21:59:21,石川県能登地方,37.451,137.168,9 km,2.4,震度１
2024/01/01 22:02:35,石川県能登地方,37.467,137.267,12 km,3.4,震度２
2024/01/01 22:03:00,石川県能登地方,37.318,136.934,13 km,4.2,震度３
2024/01/01 22:04:25,石川県能登地方,37.451,137.152,15 km,3.2,震度１
2024/01/01 22:05:16,石川県能登地方,37.468,137.25,10 km,2.8,震度１
2024/01/01 22:06:08,石川県能登地方,37.368,136.834,9 km,3.4,震度２
2024/01/01 22:08:46,石川県能登地方,37.202,136.753,0 km,3.7,震度２
2024/01/01 22:10:16,石川県能登地方,37.169,136.718,11 km,3.1,震度１
2024/01/01 22:10:58,石川県能登地方,37.386,137.052,9 km,4.4,震度３
2024/01/01 22:11:44,能登半島沖,37.133,136.686,2 km,3.1,震度３
2024/01/01 22:14:09,石川県能登地方,37.435,137.167,13 km,3.5,震度２
2024/01/01 22:17:57,石川県能登地方,37.368,137.001,7 km,3.5,震度２
2024/01/01 22:18:53,石川県能登地方,37.169,136.801,10 km,3,震度１
2024/01/01 22:20:09,石川県能登地方,37.286,136.786,11 km,3.3,震度１
2024/01/01 22:22:41,能登半島沖,37.617,137.484,12 km,3.7,震度１
2024/01/01 22:24:18,能登半島沖,37.485,136.968,5 km,2.8,震度１
2024/01/01 22:27:08,石川県能登地方,37.284,136.818,13 km,3.3,震度１
2024/01/01 22:28:25,能登半島沖,37.117,136.65,9 km,3.8,震度２
2024/01/01 22:30:28,石川県能登地方,37.385,136.918,0 km,3.2,震度３
2024/01/01 22:33:42,石川県能登地方,37.218,136.852,13 km,2.8,震度１
2024/01/01 22:34:37,石川県能登地方,37.201,136.734,0 km,3,震度１
2024/01/01 22:36:10,石川県能登地方,37.517,137.318,9 km,3.8,震度２
2024/01/01 22:36:58,石川県能登地方,37.469,137.135,9 km,3.1,震度２
2024/01/01 22:37:26,石川県能登地方,37.168,136.684,3 km,2.4,震度２
2024/01/01 22:38:20,能登半島沖,37.134,136.668,11 km,2.7,震度１
2024/01/01 22:40:49,能登半島沖,37.5,137.019,15 km,3,震度２
2024/01/01 22:43:47,石川県能登地方,37.217,136.75,0 km,2.9,震度１
2024/01/01 22:48:23,石川県能登地方,37.202,136.718,3 km,3.8,震度１
2024/01/01 22:50:50,能登半島沖,37.136,136.684,0 km,2.3,震度３
2024/01/01 22:54:30,能登半島沖,37.135,136.619,10 km,2.8,震度２
2024/01/01 22:56:06,石川県能登地方,37.201,136.75,0 km,3.6,震度２
2024/01/01 22:59:05,石川県能登地方,37.185,136.752,4 km,2.5,震度１
2024/01/01 22:59:37,石川県能登地方,37.367,136.952,11 km,2.8,震度１
2024/01/01 23:00:53,石川県能登地方,37.301,136.869,13 km,3.9,震度３
2024/01/01 23:01:54,石川県能登地方,37.384,137.001,3 km,3.6,震度２
2024/01/01 23:03:48,佐渡付近,37.718,137.601,18 km,4.4,震度２
2024/01/01 23:04:51,石川県能登地方,37.302,136.736,5 km,3.3,震度１
2024/01/01 23:05:57,石川県能登地方,37.168,136.751,8 km,3.3,震度１
2024/01/01 23:06:11,石川県能登地方,37.385,137.053,10 km,3.8,震度３
2024/01/01 23:08:11,石川県能登地方,37.317,136.917,12 km,3.7,震度２
2024/01/01 23:12:59,能登半島沖,37.55,137.217,0 km,3.2,震度２
2024/01/01 23:14:47,能登半島沖,37.552,137.384,11 km,3.1,震度１
2024/01/01 23:15:49,石川県能登地方,37.285,136.834,14 km,3.4,震度１
2024/01/01 23:19:29,能登半島沖,37.534,137.319,8 km,4.2,震度３
2024/01/01 23:21:18,能登半島沖,37.134,136.635,3 km,3.2,震度２
2024/01/01 23:21:48,能登半島沖,37.236,136.701,4 km,2.3,震度１
2024/01/01 23:22:27,石川県能登地方,37.185,136.735,8 km,2.6,震度１
2024/01/01 23:23:20,石川県能登地方,37.185,136.802,5 km,2.8,震度２
2024/01/01 23:24:22,石川県能登地方,37.217,136.717,4 km,3.1,震度２
2024/01/01 23:26:39,石川県能登地方,37.5,137.234,10 km,2.5,震度１
2024/01/01 23:28:49,石川県能登地方,37.369,136.967,8 km,3,震度２
2024/01/01 23:29:23,佐渡付近,37.785,137.685,17 km,3,震度２
2024/01/01 23:30:20,石川県能登地方,37.517,137.285,9 km,2.8,震度１
2024/01/01 23:30:36,石川県能登地方,37.186,136.684,6 km,4.3,震度４
2024/01/01 23:31:21,能登半島沖,37.219,136.669,7 km,3.6,震度２
2024/01/01 23:32:09,石川県能登地方,37.469,137.302,11 km,3,震度１
2024/01/01 23:35:59,能登半島沖,37.136,136.651,0 km,3.3,震度３
2024/01/01 23:39:03,能登半島沖,37.119,136.618,8 km,2.7,震度１
2024/01/01 23:40:01,石川県能登地方,37.335,136.75,7 km,2.5,震度１
2024/01/01 23:41:31,石川県能登地方,37.152,136.784,5 km,2.5,震度１
2024/01/01 23:42:41,石川県能登地方,37.485,137.134,7 km,2.6,震度１
2024/01/01 23:44:32,能登半島沖,37.202,136.651,5 km,2.8,震度２
2024/01/01 23:45:34,石川県能登地方,37.202,136.852,14 km,3,震度１
2024/01/01 23:46:11,石川県能登地方,37.351,136.8,9 km,2.6,震度１
2024/01/01 23:50:38,石川県能登地方,37.353,136.984,7 km,3.8,震度３
2024/01/01 23:54:22,能登半島沖,37.136,136.634,6 km,3.3,震度３
2024/01/01 23:55:24,石川県能登地方,37.435,137.052,7 km,3.2,震度１
2024/01/01 23:58:26,石川県能登地方,37.485,137.317,10 km,3.7,震度３
2024/01/02 00:00:57,石川県能登地方,37.402,136.903,0 km,2.3,震度１
2024/01/02 00:01:51,石川県能登地方,37.484,137.252,12 km,3.2,震度２
2024/01/02 00:02:41,石川県能登地方,37.469,137.284,13 km,3.1,震度１
2024/01/02 00:06:06,能登半島沖,37.502,137.152,15 km,2.8,震度１
2024/01/02 00:07:54,石川県能登地方,37.417,137.051,11 km,3.2,震度１
2024/01/02 00:08:36,石川県能登地方,37.501,137.285,10 km,4.3,震度４
2024/01/02 00:09:49,能登半島沖,37.4,136.918,0 km,3.1,震度２
2024/01/02 00:10:40,石川県能登地方,37.267,136.786,10 km,2.4,震度２
2024/01/02 00:10:59,石川県能登地方,37.167,136.75,4 km,2.9,震度１
2024/01/02 00:11:03,佐渡付近,37.784,137.85,19 km,2.9,震度１
2024/01/02 00:14:19,能登半島沖,37.535,137.201,7 km,3.6,震度２
2024/01/02 00:15:04,能登半島沖,37.718,137.469,16 km,3,震度１
2024/01/02 00:17:05,石川県能登地方,37.501,137.352,12 km,2.4,震度１
2024/01/02 00:18:13,佐渡付近,37.752,137.651,17 km,2.6,震度１
2024/01/02 00:19:25,能登半島沖,37.601,137.169,11 km,3.3,震度１
2024/01/02 00:24:42,能登半島沖,37.202,136.601,0 km,3.9,震度３
2024/01/02 00:28:21,能登半島沖,37.584,137.435,13 km,3.2,震度２
2024/01/02 00:30:30,石川県能登地方,37.252,136.769,11 km,2.4,震度１
2024/01/02 00:31:45,能登半島沖,37.103,136.617,0 km,2.6,震度１
2024/01/02 00:35:17,石川県能登地方,37.286,136.833,12 km,2.3,震度１
2024/01/02 00:36:02,石川県能登地方,37.45,137.168,12 km,2.9,震度１
2024/01/02 00:38:20,石川県能登地方,37.219,136.752,10 km,3.4,震度１
2024/01/02 00:39:00,富山湾,37.352,137.317,16 km,2.5,震度１
2024/01/02 00:39:30,石川県能登地方,37.503,137.267,8 km,3.1,震度１
2024/01/02 00:41:09,能登半島沖,37.119,136.652,2 km,2.5,震度１
2024/01/02 00:44:14,能登半島沖,37.135,136.717,2 km,2.4,震度１
2024/01/02 00:45:01,能登半島沖,37.552,137.334,9 km,3,震度１
2024/01/02 00:45:59,能登半島沖,37.402,136.836,2 km,2.8,震度１
2024/01/02 00:46:53,能登半島沖,37.2,136.634,4 km,2.2,震度１
2024/01/02 00:50:52,石川県能登地方,37.45,137.218,13 km,3.2,震度１
2024/01/02 00:52:04,能登半島沖,37.118,136.618,7 km,3.5,震度２
2024/01/02 00:53:13,石川県能登地方,37.318,136.852,10 km,2.8,震度１
2024/01/02 00:53:56,能登半島沖,37.184,136.669,8 km,3.1,震度１
2024/01/02 00:57:02,石川県能登地方,37.368,136.883,8 km,3.6,震度３
2024/01/02 01:00:50,能登半島沖,37.117,136.684,7 km,2.8,震度１
2024/01/02 01:01:51,石川県能登地方,37.369,136.868,8 km,3.6,震度３
2024/01/02 01:03:14,石川県能登地方,37.351,137.033,10 km,3,震度１
2024/01/02 01:04:19,石川県能登地方,37.234,136.803,12 km,3.6,震度１
2024/01/02 01:11:42,石川県能登地方,37.368,136.902,4 km,2,震度１
2024/01/02 01:13:30,佐渡付近,37.883,137.834,23 km,2.4,震度２
2024/01/02 01:15:58,石川県能登地方,37.368,136.934,11 km,3.9,震度２
2024/01/02 01:18:45,石川県能登地方,37.434,137.051,7 km,2.8,震度１
2024/01/02 01:20:30,能登半島沖,37.518,137.167,7 km,2.9,震度３
2024/01/02 01:26:00,能登半島沖,37.369,136.569,7 km,3.7,震度２
2024/01/02 01:29:34,石川県能登地方,37.501,137.202,13 km,3.4,震度２
2024/01/02 01:34:35,佐渡付近,37.786,137.683,21 km,3.4,震度２
2024/01/02 01:37:56,石川県能登地方,37.336,137.001,12 km,3.3,震度１
2024/01/02 01:38:23,石川県能登地方,37.486,137.202,9 km,3,震度１
2024/01/02 01:39:13,石川県能登地方,37.369,136.936,9 km,2.4,震度１
2024/01/02 01:41:26,石川県能登地方,37.319,136.851,0 km,2.5,震度１
2024/01/02 01:41:50,石川県能登地方,37.352,136.901,0 km,2.8,震度１
2024/01/02 01:42:25,佐渡付近,37.767,137.617,15 km,4.1,震度１
2024/01/02 01:43:20,能登半島沖,37.55,137.367,13 km,4.1,震度２
2024/01/02 01:45:13,能登半島沖,37.518,136.719,14 km,2.4,震度１
2024/01/02 01:46:44,石川県能登地方,37.451,137.269,12 km,3.2,震度２
2024/01/02 01:53:47,奄美大島近海,28.336,130.101,45 km,3.3,震度１
2024/01/02 01:55:42,石川県能登地方,37.367,137.068,10 km,4.1,震度２
2024/01/02 01:57:58,石川県能登地方,37.235,136.835,13 km,3,震度１
2024/01/02 01:58:59,能登半島沖,37.536,137.268,0 km,3.5,震度２
2024/01/02 02:00:34,石川県能登地方,37.183,136.683,9 km,3.8,震度３
2024/01/02 02:02:50,新潟県上中越沖,37.635,137.602,18 km,2.3,震度１
2024/01/02 02:04:13,石川県能登地方,37.303,136.819,11 km,3.1,震度１
2024/01/02 02:04:32,石川県能登地方,37.401,137.085,9 km,3.5,震度１
2024/01/02 02:06:27,石川県能登地方,37.419,137.185,14 km,3,震度１
2024/01/02 02:06:59,能登半島沖,37.384,136.733,7 km,3.8,震度２
2024/01/02 02:07:47,石川県能登地方,37.169,136.734,6 km,3.2,震度１
2024/01/02 02:13:02,石川県能登地方,37.234,136.803,10 km,3.5,震度１
2024/01/02 02:14:36,石川県能登地方,37.169,136.734,4 km,2.4,震度１
2024/01/02 02:16:44,石川県能登地方,37.385,136.884,10 km,3,震度３
2024/01/02 02:18:49,石川県能登地方,37.384,136.852,0 km,3.3,震度３
2024/01/02 02:19:22,石川県能登地方,37.217,136.753,0 km,2,震度１
2024/01/02 02:21:11,石川県能登地方,37.2,136.736,0 km,2.7,震度１
2024/01/02 02:22:06,石川県能登地方,37.236,136.9,12 km,2.6,震度１
2024/01/02 02:22:21,能登半島沖,37.585,137.268,4 km,3,震度１
2024/01/02 02:25:08,石川県能登地方,37.201,136.734,1 km,1.8,震度１
2024/01/02 02:26:23,石川県能登地方,37.169,136.734,0 km,2.9,震度３
2024/01/02 02:27:54,石川県能登地方,37.102,136.736,0 km,2.2,震度１
2024/01/02 02:28:14,能登半島沖,37.185,136.651,6 km,2.4,震度１
2024/01/02 02:29:12,石川県能登地方,37.318,136.818,8 km,3.3,震度１
2024/01/02 02:29:56,石川県能登地方,37.367,136.934,11 km,3.7,震度２
2024/01/02 02:33:00,能登半島沖,37.135,136.685,4 km,3,震度３
2024/01/02 02:33:31,能登半島沖,37.634,137.418,11 km,4.6,震度３
2024/01/02 02:36:26,能登半島沖,37.635,137.434,0 km,3.6,震度１
2024/01/02 02:39:28,能登半島沖,37.235,136.7,6 km,3.3,震度１
2024/01/02 02:39:54,石川県能登地方,37.367,136.933,7 km,3.2,震度１
2024/01/02 02:40:50,石川県能登地方,37.152,136.701,8 km,2.1,震度１
2024/01/02 02:43:42,石川県能登地方,37.201,136.7,5 km,2.8,震度１
2024/01/02 02:44:50,石川県能登地方,37.15,136.783,11 km,3,震度１
2024/01/02 02:47:25,石川県能登地方,37.151,136.768,5 km,3.2,震度２
2024/01/02 02:48:25,佐渡付近,37.852,137.817,18 km,4.2,震度２
2024/01/02 02:52:09,石川県能登地方,37.217,136.734,5 km,4.2,震度３
2024/01/02 02:53:13,能登半島沖,37.502,137.185,8 km,3.4,震度３
2024/01/02 02:54:35,石川県能登地方,37.368,137.019,11 km,2.8,震度１
2024/01/02 02:56:50,石川県能登地方,37.452,137.167,12 km,2.1,震度２
2024/01/02 03:00:51,能登半島沖,37.168,136.601,0 km,2.5,震度２
2024/01/02 03:01:59,能登半島沖,37.236,136.685,7 km,3.9,震度２
2024/01/02 03:03:59,石川県能登地方,37.45,137.169,12 km,2.8,震度１
2024/01/02 03:06:00,石川県能登地方,37.367,136.851,10 km,3.4,震度２
2024/01/02 03:06:49,能登半島沖,37.119,136.652,6 km,2.7,震度１
2024/01/02 03:10:02,能登半島沖,37.134,136.701,5 km,2.9,震度２
2024/01/02 03:16:42,石川県能登地方,37.318,136.917,10 km,3.1,震度１
2024/01/02 03:17:33,石川県西方沖,37.085,136.584,1 km,3.1,震度１
2024/01/02 03:20:12,石川県能登地方,37.467,137.285,11 km,3,震度２
2024/01/02 03:22:21,石川県能登地方,37.335,136.986,0 km,3,震度１
2024/01/02 03:22:39,能登半島沖,37.152,136.668,7 km,2.7,震度１
2024/01/02 03:23:46,石川県能登地方,37.185,136.75,10 km,3.1,震度２
2024/01/02 03:24:28,石川県能登地方,37.317,136.919,13 km,2.5,震度２
2024/01/02 03:25:47,石川県能登地方,37.368,136.884,9 km,2.8,震度１
2024/01/02 03:27:21,石川県能登地方,37.384,137,5 km,3.2,震度２
2024/01/02 03:29:39,石川県能登地方,37.135,136.735,2 km,3.9,震度４
2024/01/02 03:31:43,石川県能登地方,37.169,136.734,7 km,2.9,震度１
2024/01/02 03:32:56,能登半島沖,37.167,136.669,7 km,3,震度３
2024/01/02 03:33:56,石川県能登地方,37.352,136.951,10 km,4,震度３
2024/01/02 03:35:57,石川県能登地方,37.301,136.852,13 km,3.2,震度１
2024/01/02 03:39:02,能登半島沖,37.6,137.217,10 km,2.9,震度１
2024/01/02 03:42:10,能登半島沖,37.152,136.669,5 km,2.1,震度１
2024/01/02 03:47:06,石川県西方沖,36.952,136.75,9 km,3.9,震度３
2024/01/02 03:49:23,石川県能登地方,37.351,137.017,9 km,2.5,震度１
2024/01/02 03:50:27,石川県能登地方,37.217,136.869,10 km,2.4,震度１
2024/01/02 03:53:04,能登半島沖,37.219,136.685,3 km,3.2,震度１
2024/01/02 03:54:02,石川県能登地方,37.386,137.019,14 km,2.3,震度１
2024/01/02 03:54:39,石川県能登地方,37.183,136.751,1 km,3.4,震度２
2024/01/02 03:55:25,石川県能登地方,37.335,136.885,0 km,2.9,震度２
2024/01/02 03:56:05,能登半島沖,37.136,136.667,5 km,2.4,震度１
2024/01/02 03:57:22,石川県能登地方,37.15,136.685,6 km,3,震度２
2024/01/02 03:59:01,石川県能登地方,37.5,137.235,11 km,2.5,震度１
2024/01/02 04:01:57,能登半島沖,37.152,136.65,15 km,2.5,震度１
2024/01/02 04:02:22,石川県能登地方,37.303,136.818,11 km,4,震度２
2024/01/02 04:04:20,能登半島沖,37.284,136.668,1 km,2.1,震度１
2024/01/02 04:05:40,石川県能登地方,37.451,137.135,10 km,4,震度３
2024/01/02 04:06:05,石川県能登地方,37.385,136.902,2 km,3.5,震度２
2024/01/02 04:10:22,能登半島沖,37.618,137.335,15 km,2.6,震度１
2024/01/02 04:11:51,能登半島沖,37.218,136.636,3 km,2.5,震度１
2024/01/02 04:13:01,石川県能登地方,37.217,136.903,2 km,2.5,震度１
2024/01/02 04:13:09,石川県能登地方,37.186,136.734,4 km,2.6,震度１
2024/01/02 04:15:22,能登半島沖,37.118,136.634,8 km,3.1,震度２
2024/01/02 04:16:34,能登半島沖,37.4,136.818,0 km,2.1,震度１
2024/01/02 04:21:46,石川県能登地方,37.334,136.835,9 km,2.5,震度１
2024/01/02 04:22:44,石川県能登地方,37.202,136.7,6 km,2.7,震度１
2024/01/02 04:24:01,能登半島沖,37.118,136.668,6 km,2.9,震度１
2024/01/02 04:24:04,能登半島沖,37.536,137.368,8 km,3.5,震度２
2024/01/02 04:24:34,石川県能登地方,37.151,136.818,12 km,3,震度１
2024/01/02 04:25:20,石川県能登地方,37.368,136.869,1 km,2.5,震度１
2024/01/02 04:27:14,石川県西方沖,37.068,136.568,9 km,4.7,震度４
2024/01/02 04:31:43,能登半島沖,37.451,136.586,16 km,2.4,震度１
2024/01/02 04:35:39,能登半島沖,37.518,136.534,16 km,3.3,震度１
2024/01/02 04:37:25,新潟県上中越沖,37.617,137.535,14 km,3.7,震度１
2024/01/02 04:39:42,石川県能登地方,37.368,136.9,0 km,2.3,震度１
2024/01/02 04:41:09,石川県西方沖,37.053,136.569,8 km,3.4,震度１
2024/01/02 04:42:07,能登半島沖,37.251,136.668,12 km,4.9,震度４
2024/01/02 04:44:53,石川県西方沖,37.083,136.534,8 km,3.6,震度２
2024/01/02 04:45:52,石川県西方沖,37.067,136.583,9 km,2.8,震度１
2024/01/02 04:47:24,能登半島沖,37.302,136.703,7 km,2,震度１
2024/01/02 04:49:59,石川県能登地方,37.384,137.05,11 km,4.1,震度２
2024/01/02 04:50:45,佐渡付近,37.868,137.75,16 km,4.1,震度１
2024/01/02 04:55:44,石川県能登地方,37.368,136.951,11 km,3.6,震度２
2024/01/02 04:56:56,石川県能登地方,37.501,137.252,8 km,2.8,震度１
2024/01/02 04:57:24,能登半島沖,37.25,136.668,11 km,3.2,震度１
2024/01/02 04:58:40,石川県能登地方,37.352,136.983,8 km,2.8,震度１
2024/01/02 05:03:36,石川県能登地方,37.319,136.986,12 km,3.9,震度２
2024/01/02 05:06:01,石川県能登地方,37.368,137.086,12 km,2.9,震度１
2024/01/02 05:10:18,石川県能登地方,37.369,136.835,7 km,2.8,震度１
2024/01/02 05:12:10,能登半島沖,37.135,136.651,2 km,2.6,震度３
2024/01/02 05:12:34,石川県能登地方,37.201,136.785,4 km,2.7,震度１
2024/01/02 05:13:24,石川県能登地方,37.301,136.851,12 km,2.4,震度１
2024/01/02 05:18:27,能登半島沖,37.118,136.683,6 km,3.5,震度２
2024/01/02 05:21:24,能登半島沖,37.167,136.653,11 km,3.9,震度３
2024/01/02 05:22:37,石川県能登地方,37.451,137.134,10 km,2.6,震度１
2024/01/02 05:23:10,石川県能登地方,37.385,136.883,0 km,3,震度２
2024/01/02 05:23:44,石川県能登地方,37.2,136.734,4 km,2,震度１
2024/01/02 05:27:29,能登半島沖,37.369,136.735,3 km,3.4,震度２
2024/01/02 05:29:12,能登半島沖,37.586,137.168,17 km,2.4,震度１
2024/01/02 05:30:18,能登半島沖,37.518,137.168,0 km,2.5,震度１
2024/01/02 05:48:59,石川県能登地方,37.351,137.002,13 km,3.1,震度１
2024/01/02 05:51:30,佐渡付近,37.868,137.717,20 km,3.4,震度１
2024/01/02 05:56:36,石川県能登地方,37.368,137.151,12 km,3.6,震度２
2024/01/02 06:08:01,能登半島沖,37.134,136.568,9 km,1.9,震度１
2024/01/02 06:11:12,石川県能登地方,37.218,136.852,9 km,2.9,震度１
2024/01/02 06:13:02,石川県能登地方,37.369,136.884,7 km,3.1,震度３
2024/01/02 06:27:09,石川県能登地方,37.334,136.985,10 km,2.8,震度１
2024/01/02 06:30:28,石川県能登地方,37.334,136.751,10 km,3.7,震度２
2024/01/02 06:33:45,石川県能登地方,37.169,136.686,10 km,3.1,震度２
2024/01/02 06:34:28,石川県能登地方,37.35,136.901,12 km,4.2,震度３
2024/01/02 06:37:23,石川県能登地方,37.484,137.134,8 km,2.1,震度１
2024/01/02 06:38:32,新潟県上中越沖,37.551,137.635,16 km,3.3,震度１
2024/01/02 06:39:21,石川県能登地方,37.201,136.717,6 km,2.3,震度２
2024/01/02 06:45:47,石川県能登地方,37.186,136.751,5 km,2.7,震度２
2024/01/02 06:47:13,岩手県沖,39.634,142.1,49 km,3.1,震度１
2024/01/02 06:47:54,能登半島沖,37.434,137.003,3 km,3.7,震度２
2024/01/02 06:53:47,新潟県上中越沖,37.552,137.603,20 km,4.2,震度２
2024/01/02 07:00:58,石川県能登地方,37.302,136.836,14 km,3,震度１
2024/01/02 07:05:48,石川県能登地方,37.153,136.736,0 km,2.5,震度１
2024/01/02 07:06:11,石川県能登地方,37.302,136.784,6 km,3.1,震度１
2024/01/02 07:09:19,石川県能登地方,37.368,136.951,11 km,3.7,震度３
2024/01/02 07:10:57,能登半島沖,37.186,136.651,7 km,2.8,震度１
2024/01/02 07:13:30,石川県能登地方,37.317,136.918,11 km,4.5,震度４
2024/01/02 07:25:43,能登半島沖,37.417,136.919,0 km,3.1,震度２
2024/01/02 07:27:01,石川県能登地方,37.417,137,6 km,4.3,震度３
2024/01/02 07:37:50,石川県能登地方,37.486,137.268,13 km,4.2,震度３
2024/01/02 07:40:31,能登半島沖,37.2,136.684,5 km,3.6,震度３
2024/01/02 07:42:56,石川県能登地方,37.335,136.953,12 km,3.2,震度２
2024/01/02 07:44:03,石川県能登地方,37.385,136.867,12 km,2.5,震度２
2024/01/02 07:46:51,能登半島沖,37.2,136.667,6 km,2.4,震度１
2024/01/02 07:49:14,石川県能登地方,37.152,136.718,5 km,2.8,震度２
2024/01/02 07:49:42,新潟県上中越沖,37.684,137.635,19 km,3.8,震度１
2024/01/02 07:51:22,石川県能登地方,37.484,137.267,12 km,2.8,震度１
2024/01/02 07:52:36,石川県能登地方,37.186,136.733,2 km,2.7,震度１
2024/01/02 07:56:53,能登半島沖,37.136,136.634,4 km,1.7,震度１
2024/01/02 07:57:51,石川県能登地方,37.484,137.253,11 km,2.2,震度１
2024/01/02 07:58:20,能登半島沖,37.551,137.302,15 km,2.9,震度１
2024/01/02 07:59:04,能登半島沖,37.551,137.369,7 km,2.9,震度１
2024/01/02 08:00:29,石川県能登地方,37.386,136.868,0 km,2.8,震度３
2024/01/02 08:01:40,石川県能登地方,37.485,137.301,12 km,2.9,震度２
2024/01/02 08:16:08,石川県能登地方,37.484,137.301,11 km,3.6,震度３
2024/01/02 08:21:05,石川県能登地方,37.368,137.017,13 km,3.5,震度２
2024/01/02 08:23:41,石川県能登地方,37.419,137.201,12 km,2.9,震度１
2024/01/02 08:26:59,能登半島沖,37.551,137.269,2 km,3.2,震度１
2024/01/02 08:31:20,石川県能登地方,37.367,136.951,12 km,3.2,震度１
2024/01/02 08:35:10,石川県能登地方,37.184,136.735,0 km,3.3,震度２
2024/01/02 08:36:23,石川県能登地方,37.186,136.719,7 km,2.2,震度１
2024/01/02 08:40:19,石川県能登地方,37.202,136.717,3 km,2.9,震度１
2024/01/02 08:42:27,石川県能登地方,37.351,136.918,11 km,3.8,震度２
2024/01/02 08:45:15,石川県能登地方,37.451,137.101,8 km,2.8,震度１
2024/01/02 08:47:58,石川県能登地方,37.386,136.901,7 km,3.1,震度２
2024/01/02 08:54:10,石川県能登地方,37.484,137.218,9 km,2.5,震度１
2024/01/02 08:54:33,能登半島沖,37.101,136.602,6 km,3.4,震度２
2024/01/02 08:57:42,能登半島沖,37.134,136.7,6 km,2.7,震度２
2024/01/02 08:58:34,石川県能登地方,37.368,136.984,9 km,3,震度２
2024/01/02 08:59:41,能登半島沖,37.217,136.634,5 km,3,震度１
2024/01/02 09:01:35,石川県能登地方,37.384,136.869,7 km,4.1,震度４
2024/01/02 09:05:30,石川県能登地方,37.217,136.835,11 km,2.9,震度１
2024/01/02 09:08:18,能登半島沖,37.551,137.352,10 km,2.4,震度１
2024/01/02 09:09:54,石川県能登地方,37.419,137.033,5 km,3.2,震度１
2024/01/02 09:12:00,石川県能登地方,37.301,136.883,12 km,2.3,震度１
2024/01/02 09:13:20,石川県能登地方,37.485,137.284,12 km,3.6,震度２
2024/01/02 09:14:25,石川県能登地方,37.434,137.202,14 km,4.5,震度４
2024/01/02 09:15:47,石川県能登地方,37.5,137.267,9 km,3.2,震度２
2024/01/02 09:25:38,能登半島沖,37.501,137.419,17 km,3.6,震度１
2024/01/02 09:29:18,能登半島沖,37.55,137.285,8 km,2.6,震度１
2024/01/02 09:30:51,能登半島沖,37.136,136.667,7 km,1.9,震度１
2024/01/02 09:33:12,石川県能登地方,37.384,137.084,7 km,2.1,震度１
2024/01/02 09:34:03,佐渡付近,37.734,137.618,19 km,3.4,震度１
2024/01/02 09:37:43,石川県能登地方,37.451,137.169,13 km,2.9,震度１
2024/01/02 09:37:58,能登半島沖,37.119,136.684,7 km,2.9,震度２
2024/01/02 09:41:41,石川県能登地方,37.2,136.751,6 km,3.1,震度１
2024/01/02 09:46:10,石川県能登地方,37.486,137.302,11 km,2.4,震度１
2024/01/02 09:47:42,石川県能登地方,37.336,136.868,10 km,3,震度１
2024/01/02 09:54:03,石川県能登地方,37.169,136.751,6 km,2.5,震度２
2024/01/02 09:55:05,石川県能登地方,37.202,136.834,12 km,3.7,震度２
2024/01/02 09:59:40,石川県能登地方,37.151,136.736,7 km,3.4,震度２
2024/01/02 09:59:52,富山県西部,36.768,137.051,19 km,2.7,震度１
2024/01/02 10:01:00,石川県能登地方,37.452,137.183,13 km,3.2,震度１
2024/01/02 10:15:49,能登半島沖,37.134,136.684,8 km,2.3,震度１
2024/01/02 10:17:33,石川県能登地方,37.218,136.718,10 km,5.6,震度５弱
2024/01/02 10:20:51,石川県能登地方,37.351,136.901,8 km,2.8,震度１
2024/01/02 10:24:10,石川県能登地方,37.185,136.702,5 km,2.8,震度１
2024/01/02 10:25:44,石川県能登地方,37.218,136.751,8 km,2.9,震度１
2024/01/02 10:28:51,石川県能登地方,37.218,136.734,9 km,2.6,震度２
2024/01/02 10:32:30,石川県能登地方,37.351,136.884,0 km,2.3,震度１
2024/01/02 10:34:09,能登半島沖,37.135,136.683,6 km,2.1,震度１
2024/01/02 10:52:20,石川県能登地方,37.301,136.918,5 km,2.9,震度１
2024/01/02 11:01:01,石川県能登地方,37.218,136.702,5 km,3,震度１
2024/01/02 11:03:56,能登半島沖,37.118,136.701,1 km,3.7,震度３
2024/01/02 11:04:44,石川県能登地方,37.218,136.802,10 km,3.4,震度２
2024/01/02 11:05:11,石川県能登地方,37.352,137.084,11 km,4,震度３
2024/01/02 11:06:37,石川県能登地方,37.217,136.767,3 km,3,震度１
2024/01/02 11:12:06,能登半島沖,37.118,136.602,6 km,2.5,震度１
2024/01/02 11:12:15,石川県能登地方,37.334,136.801,6 km,3.2,震度１
2024/01/02 11:14:09,石川県能登地方,37.369,136.834,0 km,2.9,震度２
2024/01/02 11:16:02,石川県能登地方,37.485,137.236,11 km,3.8,震度３
2024/01/02 11:19:43,石川県能登地方,37.186,136.735,7 km,4,震度３
2024/01/02 11:25:10,石川県能登地方,37.152,136.702,6 km,2.6,震度１
2024/01/02 11:32:15,石川県能登地方,37.336,136.969,10 km,2.8,震度１
2024/01/02 11:34:45,石川県能登地方,37.185,136.686,2 km,2.7,震度１
2024/01/02 11:35:49,石川県能登地方,37.151,136.686,8 km,2.2,震度１
2024/01/02 11:38:25,石川県能登地方,37.319,136.735,6 km,2.9,震度１
2024/01/02 11:40:03,能登半島沖,37.102,136.633,6 km,2.1,震度１
2024/01/02 11:40:57,石川県能登地方,37.351,136.901,0 km,2.6,震度１
2024/01/02 11:42:00,石川県能登地方,37.451,137.119,11 km,3.9,震度２
2024/01/02 11:44:11,能登半島沖,37.135,136.617,0 km,2.3,震度１
2024/01/02 11:49:16,石川県能登地方,37.351,137.117,14 km,3.2,震度１
2024/01/02 11:51:32,新潟県上中越沖,37.651,137.634,22 km,3.7,震度１
2024/01/02 11:54:20,石川県能登地方,37.151,136.685,7 km,2.6,震度１
2024/01/02 11:56:14,石川県能登地方,37.452,137.118,15 km,2.2,震度１
2024/01/02 12:07:16,石川県能登地方,37.353,136.934,8 km,2.3,震度１
2024/01/02 12:28:24,石川県能登地方,37.384,137.084,14 km,2.4,震度１
2024/01/02 12:32:17,石川県能登地方,37.383,136.868,0 km,2.3,震度１
2024/01/02 12:35:47,能登半島沖,37.584,137.386,13 km,2.2,震度２
2024/01/02 12:38:25,石川県能登地方,37.486,137.286,11 km,2.2,震度１
2024/01/02 12:47:58,石川県能登地方,37.334,136.969,12 km,3.3,震度１
2024/01/02 12:51:23,能登半島沖,37.219,136.667,9 km,2.9,震度１
2024/01/02 12:56:04,石川県能登地方,37.285,136.784,13 km,3.4,震度１
2024/01/02 13:01:59,石川県能登地方,37.318,136.868,20 km,3,震度１
2024/01/02 13:08:30,石川県能登地方,37.152,136.719,2 km,1.9,震度１
2024/01/02 13:09:08,石川県能登地方,37.451,137.167,12 km,3.6,震度２
2024/01/02 13:11:46,石川県能登地方,37.35,136.983,6 km,2.7,震度１
2024/01/02 13:18:14,能登半島沖,37.269,136.718,10 km,2.7,震度１
2024/01/02 13:19:56,石川県能登地方,37.185,136.701,2 km,2.4,震度１
2024/01/02 13:27:11,石川県能登地方,37.369,136.917,7 km,2.5,震度１
2024/01/02 13:41:20,石川県能登地方,37.484,137.268,12 km,3,震度２
2024/01/02 13:42:30,石川県能登地方,37.452,137.184,13 km,3,震度１
2024/01/02 13:43:15,石川県能登地方,37.319,136.901,11 km,3.7,震度２
2024/01/02 13:46:44,石川県能登地方,37.352,136.851,9 km,2.6,震度２
2024/01/02 13:50:05,能登半島沖,37.235,136.668,6 km,3.5,震度１
2024/01/02 13:51:06,石川県能登地方,37.368,136.851,6 km,2.6,震度１
2024/01/02 13:54:23,能登半島沖,37.2,136.684,0 km,3.1,震度２
2024/01/02 13:55:57,石川県能登地方,37.467,137.134,10 km,2.9,震度１
2024/01/02 14:01:59,石川県能登地方,37.368,136.784,7 km,4.4,震度３
2024/01/02 14:03:53,新潟県上中越沖,37.669,137.585,17 km,3.4,震度１
2024/01/02 14:05:11,石川県能登地方,37.167,136.685,3 km,2.3,震度２
2024/01/02 14:09:19,石川県能登地方,37.201,136.767,9 km,3,震度１
2024/01/02 14:37:48,石川県能登地方,37.352,137.035,15 km,3.1,震度１
2024/01/02 14:41:16,石川県能登地方,37.518,137.319,17 km,3,震度１
2024/01/02 14:43:36,石川県能登地方,37.153,136.751,2 km,2.1,震度１
2024/01/02 14:47:01,石川県能登地方,37.336,136.868,10 km,3.2,震度１
2024/01/02 14:50:54,石川県能登地方,37.151,136.718,5 km,2.1,震度１
2024/01/02 14:58:40,石川県能登地方,37.185,136.719,6 km,3.1,震度１
2024/01/02 15:01:00,石川県能登地方,37.369,136.852,6 km,3.5,震度３
2024/01/02 15:02:38,佐渡付近,37.784,137.75,20 km,4.1,震度２
2024/01/02 15:05:42,石川県能登地方,37.335,136.902,12 km,3.3,震度１
2024/01/02 15:07:11,石川県能登地方,37.234,136.817,4 km,2.1,震度１
2024/01/02 15:10:25,石川県能登地方,37.169,136.767,2 km,2.8,震度１
2024/01/02 15:19:14,能登半島沖,37.501,137.136,0 km,2.8,震度２
2024/01/02 15:20:04,能登半島沖,37.251,136.669,0 km,2.2,震度１
2024/01/02 15:22:53,石川県能登地方,37.284,136.752,13 km,1.9,震度１
2024/01/02 15:26:28,石川県能登地方,37.185,136.735,0 km,2.5,震度１
2024/01/02 15:35:19,石川県能登地方,37.367,136.885,0 km,3.2,震度３
2024/01/02 15:39:26,石川県能登地方,37.517,137.3,8 km,2.8,震度１
2024/01/02 15:45:31,石川県能登地方,37.353,136.952,9 km,2.4,震度１
2024/01/02 15:51:51,石川県能登地方,37.368,136.936,11 km,2.9,震度１
2024/01/02 15:53:34,石川県能登地方,37.385,136.884,7 km,2.2,震度１
2024/01/02 15:55:28,石川県能登地方,37.168,136.685,3 km,1.6,震度１
2024/01/02 15:57:54,石川県能登地方,37.186,136.686,6 km,4.5,震度４
2024/01/02 16:01:27,石川県能登地方,37.218,136.751,10 km,2.3,震度１
2024/01/02 16:07:41,石川県能登地方,37.351,136.952,9 km,3.2,震度１
2024/01/02 16:11:13,石川県能登地方,37.152,136.767,7 km,3.2,震度１
2024/01/02 16:12:03,能登半島沖,37.534,137.251,5 km,2.4,震度１
2024/01/02 16:12:25,佐渡付近,37.703,137.652,14 km,2.6,震度１
2024/01/02 16:13:04,能登半島沖,37.568,137.4,11 km,2.8,震度１
2024/01/02 16:16:34,能登半島沖,37.534,137.285,10 km,1.9,震度１
2024/01/02 16:17:41,能登半島沖,37.236,136.551,1 km,2.1,震度１
2024/01/02 16:18:14,石川県能登地方,37.217,136.8,11 km,2.7,震度１
2024/01/02 16:21:05,石川県能登地方,37.152,136.734,5 km,2.8,震度２
2024/01/02 16:22:48,石川県能登地方,37.169,136.701,5 km,2.6,震度２
2024/01/02 16:23:47,石川県能登地方,37.201,136.719,5 km,1.7,震度１
2024/01/02 16:27:47,石川県能登地方,37.167,136.685,4 km,1.8,震度１
2024/01/02 16:41:55,能登半島沖,37.551,137.368,10 km,3.6,震度２
2024/01/02 16:45:47,石川県能登地方,37.152,136.7,3 km,3,震度２
2024/01/02 16:49:17,能登半島沖,37.134,136.653,3 km,2.9,震度２
2024/01/02 16:54:45,佐渡付近,37.853,137.767,21 km,3.6,震度１
2024/01/02 16:59:27,石川県能登地方,37.384,136.884,9 km,2.9,震度１
2024/01/02 17:01:57,石川県能登地方,37.152,136.684,2 km,2.2,震度１
2024/01/02 17:06:15,石川県能登地方,37.184,136.784,3 km,2.6,震度１
2024/01/02 17:07:22,能登半島沖,37.234,136.636,6 km,2.4,震度１
2024/01/02 17:13:41,能登半島沖,37.134,136.633,6 km,4.6,震度５強
2024/01/02 17:18:30,石川県能登地方,37.317,136.967,13 km,2.2,震度１
2024/01/02 17:23:09,石川県能登地方,37.285,136.801,11 km,3,震度１
2024/01/02 17:41:02,石川県能登地方,37.353,136.785,19 km,2.8,震度１
2024/01/02 17:41:15,石川県能登地方,37.201,136.719,9 km,2.5,震度１
2024/01/02 17:47:26,能登半島沖,37.417,136.853,17 km,2.6,震度１
2024/01/02 17:49:51,石川県能登地方,37.168,136.767,8 km,2.8,震度１
2024/01/02 17:52:03,新潟県上中越沖,37.684,137.65,17 km,4.1,震度１
2024/01/02 17:56:11,石川県能登地方,37.285,136.752,7 km,3.8,震度２
2024/01/02 17:58:47,石川県能登地方,37.153,136.701,3 km,2.2,震度１
2024/01/02 18:03:19,能登半島沖,37.168,136.669,4 km,2.5,震度２
2024/01/02 18:04:29,能登半島沖,37.119,136.669,10 km,2.5,震度１
2024/01/02 18:06:59,和歌山県北部,33.902,135.084,10 km,3.1,震度１
2024/01/02 18:07:36,石川県能登地方,37.169,136.734,4 km,3,震度２
2024/01/02 18:20:23,石垣島近海,24.802,124.251,71 km,4.4,震度１
2024/01/02 18:22:22,能登半島沖,37.201,136.652,8 km,2.6,震度１
2024/01/02 18:25:46,石川県能登地方,37.218,136.7,6 km,3.1,震度１
2024/01/02 18:25:55,石川県能登地方,37.451,137.201,12 km,3.1,震度１
2024/01/02 18:29:37,石川県能登地方,37.451,137.251,13 km,4.3,震度３
2024/01/02 18:38:33,能登半島沖,37.252,136.686,6 km,3.1,震度１
2024/01/02 18:41:57,石川県能登地方,37.402,137.118,5 km,1.2,震度１
2024/01/02 18:46:34,石川県能登地方,37.353,137.102,10 km,3.6,震度２
2024/01/02 18:50:22,佐渡付近,37.735,137.584,18 km,4.3,震度２
2024/01/02 18:59:38,能登半島沖,37.2,136.635,1 km,3.6,震度２
2024/01/02 19:01:21,石川県能登地方,37.168,136.719,3 km,2.6,震度１
2024/01/02 19:11:15,能登半島沖,37.2,136.652,2 km,2.7,震度１
2024/01/02 19:18:08,石川県能登地方,37.168,136.751,6 km,2.4,震度２
2024/01/02 19:24:36,能登半島沖,37.535,137.368,9 km,2.7,震度１
2024/01/02 19:40:42,能登半島沖,37.201,136.652,9 km,3.1,震度１
2024/01/02 19:48:32,石川県能登地方,37.169,136.884,9 km,2.6,震度１
2024/01/02 20:04:12,石川県能登地方,37.368,136.917,5 km,3.4,震度１
2024/01/02 20:06:22,石川県能登地方,37.185,136.703,8 km,3.1,震度１
2024/01/02 20:13:20,石川県能登地方,37.319,136.833,11 km,3.1,震度１
2024/01/02 20:16:40,能登半島沖,37.118,136.651,6 km,3.7,震度２
2024/01/02 20:19:48,石川県能登地方,37.285,136.803,10 km,3.2,震度１
2024/01/02 20:30:53,石川県能登地方,37.384,137.052,13 km,3.3,震度１
2024/01/02 20:40:48,石川県能登地方,37.186,136.701,11 km,1.4,震度１
2024/01/02 20:42:02,能登半島沖,37.117,136.601,3 km,2.8,震度１
2024/01/02 20:52:39,石川県能登地方,37.45,137.267,13 km,3.6,震度２
2024/01/02 21:00:31,能登半島沖,37.136,136.6,5 km,1.3,震度１
2024/01/02 21:11:45,石川県能登地方,37.186,136.751,9 km,3.4,震度１
2024/01/02 21:13:21,石川県能登地方,37.301,136.919,17 km,4.4,震度３
2024/01/02 21:16:31,石川県能登地方,37.186,136.685,4 km,2.6,震度１
2024/01/02 21:35:27,石川県能登地方,37.168,136.685,5 km,2.4,震度１
2024/01/02 21:40:29,能登半島沖,37.15,136.652,6 km,2,震度２
2024/01/02 21:42:02,石川県能登地方,37.467,137.333,13 km,2.9,震度１
2024/01/02 21:45:02,能登半島沖,37.169,136.668,9 km,2.8,震度１
2024/01/02 22:03:26,石川県能登地方,37.301,136.834,13 km,3.8,震度２
2024/01/02 22:04:43,能登半島沖,37.136,136.717,5 km,3.2,震度３
2024/01/02 22:19:46,能登半島沖,37.167,136.668,4 km,3.5,震度３
2024/01/02 22:26:48,能登半島沖,37.119,136.703,10 km,2.5,震度１
2024/01/02 22:30:58,能登半島沖,37.167,136.636,11 km,2.9,震度１
2024/01/02 22:50:20,能登半島沖,37.468,137,5 km,3.1,震度２
2024/01/02 23:12:28,石川県能登地方,37.153,136.85,10 km,2.9,震度１
2024/01/02 23:17:23,石川県能登地方,37.185,136.8,9 km,3.6,震度２
2024/01/02 23:19:49,石川県能登地方,37.168,136.684,9 km,2.6,震度１
2024/01/02 23:33:35,能登半島沖,37.135,136.701,7 km,2.8,震度１
2024/01/02 23:34:21,能登半島沖,37.535,137.367,8 km,2.8,震度１
2024/01/02 23:39:04,石川県能登地方,37.401,137.217,13 km,3.4,震度１
2024/01/02 23:47:56,能登半島沖,37.102,136.601,7 km,2.4,震度１
2024/01/02 23:51:01,能登半島沖,37.235,136.669,7 km,3.3,震度１
2024/01/02 23:52:54,石川県能登地方,37.2,136.703,6 km,2.7,震度１
2024/01/03 00:08:17,石川県能登地方,37.136,136.75,3 km,2.7,震度２
2024/01/03 00:13:00,石川県能登地方,37.334,136.9,0 km,2.8,震度２
2024/01/03 00:16:13,石川県能登地方,37.184,136.734,0 km,2,震度１
2024/01/03 00:17:12,石川県能登地方,37.368,136.868,8 km,2.6,震度１
2024/01/03 00:24:01,石川県能登地方,37.218,136.734,11 km,3.5,震度１
2024/01/03 00:29:37,千葉県北西部,35.701,140.001,69 km,3.2,震度１
2024/01/03 00:36:05,石川県能登地方,37.152,136.686,7 km,2.4,震度１
2024/01/03 00:49:27,石川県能登地方,37.201,136.835,12 km,2.4,震度１
2024/01/03 01:01:37,能登半島沖,37.55,137.367,9 km,3.1,震度１
2024/01/03 01:02:38,石川県能登地方,37.351,136.802,11 km,3.1,震度１
2024/01/03 01:09:26,石川県能登地方,37.402,136.885,9 km,2.5,震度１
2024/01/03 01:10:27,能登半島沖,37.118,136.65,9 km,2.9,震度１
2024/01/03 01:13:30,石川県能登地方,37.201,136.702,3 km,3.3,震度２
2024/01/03 01:16:31,能登半島沖,37.168,136.636,3 km,2.6,震度１
2024/01/03 01:21:10,能登半島沖,37.15,136.636,3 km,3.5,震度３
2024/01/03 01:25:18,石川県能登地方,37.168,136.686,2 km,2.6,震度２
2024/01/03 02:19:23,能登半島沖,37.652,137.352,19 km,2.1,震度１
2024/01/03 02:20:25,石川県能登地方,37.151,136.7,7 km,2.6,震度１
2024/01/03 02:21:48,石川県能登地方,37.469,137.301,12 km,4.9,震度５強
2024/01/03 02:26:44,石川県能登地方,37.153,136.717,5 km,2.6,震度２
2024/01/03 02:30:31,石川県能登地方,37.484,137.3,13 km,4.4,震度４
2024/01/03 02:31:38,石川県能登地方,37.484,137.3,12 km,3.5,震度２
2024/01/03 02:43:52,石川県能登地方,37.168,136.701,8 km,2.1,震度１
2024/01/03 02:49:10,石川県能登地方,37.433,137.168,14 km,3.1,震度１
2024/01/03 02:51:16,能登半島沖,37.568,136.951,9 km,3.3,震度１
2024/01/03 02:52:43,能登半島沖,37.135,136.653,0 km,1.5,震度１
2024/01/03 02:54:38,石川県能登地方,37.418,137.118,8 km,3.8,震度２
2024/01/03 02:58:42,石川県能登地方,37.484,137.301,12 km,3.1,震度２
2024/01/03 03:00:13,石川県能登地方,37.351,136.968,9 km,3.5,震度１
2024/01/03 03:01:16,能登半島沖,37.617,137.368,3 km,2.5,震度１
2024/01/03 03:18:11,石川県能登地方,37.368,136.934,10 km,3.2,震度２
2024/01/03 03:20:09,石川県能登地方,37.503,137.318,9 km,2.9,震度１
2024/01/03 03:22:42,能登半島沖,37.184,136.618,1 km,2.7,震度１
2024/01/03 03:42:10,石川県能登地方,37.184,136.701,4 km,2.3,震度１
2024/01/03 03:45:01,石川県能登地方,37.152,136.718,5 km,3.7,震度３
2024/01/03 03:48:28,石川県能登地方,37.301,136.785,13 km,2.8,震度１
2024/01/03 03:51:45,石川県能登地方,37.369,136.884,0 km,1.9,震度１
2024/01/03 03:55:11,石川県能登地方,37.301,136.869,12 km,2.2,震度１
2024/01/03 04:01:08,石川県能登地方,37.152,136.719,5 km,2.5,震度２
2024/01/03 04:17:40,能登半島沖,37.118,136.635,9 km,2.4,震度２
2024/01/03 04:25:59,石川県能登地方,37.384,136.869,7 km,2.2,震度１
2024/01/03 04:31:38,能登半島沖,37.585,137.417,11 km,2.7,震度１
2024/01/03 04:35:47,石川県能登地方,37.369,136.883,6 km,2.4,震度１
2024/01/03 04:39:24,石川県能登地方,37.286,136.752,12 km,3.2,震度１
2024/01/03 04:45:04,能登半島沖,37.167,136.619,2 km,1.8,震度１
2024/01/03 04:50:08,石川県能登地方,37.167,136.718,6 km,3.4,震度２
2024/01/03 04:56:43,石川県能登地方,37.335,136.95,11 km,3.3,震度１
2024/01/03 04:59:03,石川県能登地方,37.383,136.884,6 km,2.3,震度１
2024/01/03 05:20:34,石川県能登地方,37.167,136.718,6 km,2.9,震度１
2024/01/03 05:23:43,石川県能登地方,37.201,136.718,4 km,3.1,震度１
2024/01/03 05:29:58,能登半島沖,37.167,136.652,6 km,2.4,震度２
2024/01/03 05:36:41,石川県能登地方,37.201,136.717,7 km,3.7,震度２
2024/01/03 05:43:50,石川県能登地方,37.168,136.685,3 km,1.8,震度１
2024/01/03 05:47:32,石川県能登地方,37.168,136.685,7 km,3.3,震度２
2024/01/03 05:49:27,石川県能登地方,37.184,136.718,5 km,3,震度１
2024/01/03 05:50:55,石川県能登地方,37.153,136.734,6 km,2.6,震度１
2024/01/03 05:54:34,佐渡付近,37.802,137.718,20 km,4,震度１
2024/01/03 06:19:22,能登半島沖,37.135,136.719,3 km,2.2,震度２
2024/01/03 06:31:44,石川県能登地方,37.2,136.75,4 km,2.5,震度１
2024/01/03 06:32:39,石川県能登地方,37.168,136.719,5 km,4.3,震度４
2024/01/03 06:38:01,能登半島沖,37.486,137.353,13 km,3.3,震度２
2024/01/03 06:43:01,能登半島沖,37.168,136.668,3 km,2.1,震度１
2024/01/03 06:44:55,能登半島沖,37.133,136.618,4 km,2.4,震度１
2024/01/03 06:45:25,石川県能登地方,37.183,136.785,9 km,3.1,震度１
2024/01/03 06:46:41,能登半島沖,37.401,136.934,4 km,2.8,震度１
2024/01/03 06:49:23,石川県能登地方,37.218,137.035,17 km,2.8,震度１
2024/01/03 06:52:33,トカラ列島近海,29.933,130.034,10 km,2.3,震度１
2024/01/03 06:53:40,石川県能登地方,37.167,136.734,5 km,3,震度２
2024/01/03 06:56:10,能登半島沖,37.102,136.585,4 km,1.8,震度１
2024/01/03 07:19:32,能登半島沖,37.134,136.668,7 km,2.4,震度１
2024/01/03 07:40:53,石川県能登地方,37.151,136.684,7 km,2.5,震度２
2024/01/03 07:51:47,石川県西方沖,37.069,136.484,6 km,4,震度２
2024/01/03 07:56:56,能登半島沖,37.185,136.669,7 km,2.9,震度１
2024/01/03 07:57:42,石川県西方沖,37.103,136.486,15 km,2.4,震度１
2024/01/03 08:09:48,石川県能登地方,37.186,136.884,11 km,3.1,震度１
2024/01/03 08:14:49,石川県能登地方,37.368,136.868,0 km,2.4,震度２
2024/01/03 08:34:19,石川県能登地方,37.352,136.985,13 km,4,震度３
2024/01/03 08:41:29,能登半島沖,37.202,136.684,7 km,3,震度１
2024/01/03 08:45:26,石川県能登地方,37.151,136.767,6 km,3,震度１
2024/01/03 08:53:27,石川県能登地方,37.185,136.684,4 km,1.8,震度１
2024/01/03 08:56:35,石川県能登地方,37.168,136.817,10 km,2.5,震度１
2024/01/03 09:04:33,石川県能登地方,37.233,136.802,15 km,1.7,震度１
2024/01/03 09:07:12,石川県能登地方,37.167,136.701,7 km,2.6,震度３
2024/01/03 09:16:38,石川県能登地方,37.185,136.733,8 km,2.5,震度１
2024/01/03 09:18:15,石川県能登地方,37.251,136.836,14 km,3,震度１
2024/01/03 09:22:20,石川県能登地方,37.384,136.918,9 km,3.3,震度１
2024/01/03 09:27:59,能登半島沖,37.418,136.901,7 km,2.3,震度１
2024/01/03 09:58:27,石川県能登地方,37.168,136.75,0 km,3.1,震度２
2024/01/03 10:00:46,能登半島沖,37.118,136.653,6 km,2.9,震度１
2024/01/03 10:07:56,石川県能登地方,37.235,136.833,14 km,2.7,震度１
2024/01/03 10:24:52,石川県能登地方,37.351,136.953,13 km,3.2,震度１
2024/01/03 10:36:02,佐渡付近,37.869,137.818,19 km,3.7,震度１
2024/01/03 10:41:42,石川県能登地方,37.351,136.867,0 km,2.4,震度１
2024/01/03 10:54:35,石川県能登地方,37.368,136.868,13 km,5.6,震度５強
2024/01/03 10:58:35,能登半島沖,37.403,136.934,4 km,2.7,震度２
2024/01/03 11:13:33,能登半島沖,37.417,136.934,0 km,2.7,震度１
2024/01/03 11:33:56,能登半島沖,37.135,136.686,7 km,2.3,震度１
2024/01/03 11:36:48,石川県能登地方,37.336,136.951,12 km,3,震度１
2024/01/03 11:40:29,能登半島沖,37.217,136.619,0 km,2.5,震度１
2024/01/03 11:48:28,石川県能登地方,37.451,137.2,12 km,4.2,震度３
2024/01/03 11:57:49,石川県能登地方,37.419,137.1,6 km,3.7,震度２
2024/01/03 12:02:42,石川県能登地方,37.186,136.753,2 km,3.4,震度１
2024/01/03 12:10:10,石川県能登地方,37.25,136.751,10 km,1.6,震度１
2024/01/03 12:28:29,能登半島沖,37.186,136.651,8 km,3.2,震度１
2024/01/03 12:37:23,能登半島沖,37.234,136.634,5 km,4.3,震度３
2024/01/03 12:48:17,佐渡付近,37.768,138.086,20 km,4.1,震度１
2024/01/03 12:54:15,新潟県上中越沖,37.636,137.601,23 km,5,震度４
2024/01/03 12:55:30,石川県能登地方,37.451,137.135,11 km,4.1,震度１
2024/01/03 13:02:58,石川県能登地方,37.367,136.984,6 km,2.4,震度１
2024/01/03 13:04:32,能登半島沖,37.668,137.433,15 km,4,震度１
2024/01/03 13:21:56,石川県能登地方,37.368,136.85,7 km,2.6,震度１
2024/01/03 13:26:44,能登半島沖,37.119,136.684,6 km,3.1,震度２
2024/01/03 13:39:18,石川県能登地方,37.35,136.869,12 km,3.2,震度１
2024/01/03 13:40:40,能登半島沖,37.201,136.684,1 km,3.1,震度１
2024/01/03 13:44:09,能登半島沖,37.552,137.369,11 km,4.1,震度２
2024/01/03 14:00:34,石川県能登地方,37.151,136.719,4 km,2.3,震度１
2024/01/03 14:04:36,石川県能登地方,37.219,136.817,11 km,2.7,震度１
2024/01/03 14:31:26,石川県能登地方,37.201,136.734,3 km,2.8,震度１
2024/01/03 14:51:02,石川県能登地方,37.369,136.833,10 km,3,震度２
2024/01/03 14:55:37,能登半島沖,37.102,136.602,4 km,3.4,震度２
2024/01/03 15:06:35,石川県能登地方,37.369,136.967,7 km,2.2,震度１
2024/01/03 15:11:12,石川県能登地方,37.152,136.734,5 km,2.2,震度１
2024/01/03 15:17:41,石川県能登地方,37.468,137.253,12 km,3.2,震度１
2024/01/03 15:30:02,石川県能登地方,37.401,137.003,5 km,2.9,震度１
2024/01/03 15:44:02,石川県能登地方,37.367,136.817,8 km,3.6,震度３
2024/01/03 15:52:18,石川県能登地方,37.419,137.034,0 km,3.1,震度１
2024/01/03 16:08:12,石川県能登地方,37.384,136.851,11 km,4.2,震度３
2024/01/03 16:19:31,能登半島沖,37.502,137.167,10 km,3,震度３
2024/01/03 16:24:57,石川県能登地方,37.186,136.785,9 km,3.1,震度１
2024/01/03 16:31:56,石川県能登地方,37.436,137.085,8 km,2.6,震度１
2024/01/03 16:38:17,石川県能登地方,37.384,136.852,7 km,2.4,震度１
2024/01/03 17:02:27,能登半島沖,37.201,136.686,3 km,2.7,震度１
2024/01/03 17:04:42,能登半島沖,37.217,136.685,10 km,1.8,震度１
2024/01/03 17:14:11,石川県能登地方,37.384,137.001,6 km,3,震度１
2024/01/03 17:15:08,佐渡付近,37.802,137.719,20 km,4,震度１
2024/01/03 17:20:46,能登半島沖,37.218,136.635,6 km,3.5,震度２
2024/01/03 17:22:52,石川県能登地方,37.168,136.684,4 km,3.6,震度３
2024/01/03 17:32:26,能登半島沖,37.202,136.635,7 km,2.8,震度１
2024/01/03 17:33:27,能登半島沖,37.119,136.634,1 km,2.5,震度１
2024/01/03 17:38:23,能登半島沖,37.168,136.669,6 km,2.4,震度１
2024/01/03 17:51:22,石川県能登地方,37.168,136.733,8 km,3.1,震度３
2024/01/03 17:54:07,石川県能登地方,37.218,136.734,10 km,3.5,震度２
2024/01/03 17:56:00,石川県能登地方,37.167,136.701,7 km,2.1,震度１
2024/01/03 17:57:49,能登半島沖,37.119,136.684,5 km,2.5,震度１
2024/01/03 18:02:26,能登半島沖,37.519,137.401,14 km,1.8,震度１
2024/01/03 18:08:46,石川県西方沖,37.083,136.518,7 km,3.2,震度１
2024/01/03 18:18:37,能登半島沖,37.117,136.684,6 km,2.9,震度１
2024/01/03 18:40:39,能登半島沖,37.2,136.652,3 km,2.4,震度１
2024/01/03 18:48:01,石川県能登地方,37.318,136.801,12 km,4.8,震度４
2024/01/03 18:55:35,石川県能登地方,37.153,136.784,9 km,1.8,震度１
2024/01/03 19:01:01,能登半島沖,37.169,136.634,3 km,3.8,震度２
2024/01/03 19:07:51,石川県能登地方,37.452,137.119,12 km,3.6,震度２
2024/01/03 19:14:48,石川県能登地方,37.185,136.836,11 km,2.8,震度１
2024/01/03 19:34:46,石川県能登地方,37.202,136.702,5 km,3.6,震度２
2024/01/03 19:39:22,石川県能登地方,37.25,136.734,8 km,3.2,震度１
2024/01/03 19:42:14,石川県能登地方,37.167,136.734,8 km,4.1,震度３
2024/01/03 19:49:12,能登半島沖,37.584,137.435,14 km,4.1,震度２
2024/01/03 20:07:02,能登半島沖,37.202,136.669,8 km,2.9,震度１
2024/01/03 20:46:12,石川県能登地方,37.217,136.834,11 km,3,震度２
2024/01/03 20:46:31,石川県能登地方,37.218,136.75,9 km,3.2,震度１
2024/01/03 20:48:38,石川県能登地方,37.452,137.202,12 km,3.8,震度３
2024/01/03 20:54:57,能登半島沖,37.102,136.585,7 km,3.7,震度３
2024/01/03 21:03:53,石川県能登地方,37.218,136.718,4 km,1.2,震度１
2024/01/03 21:12:49,能登半島沖,37.201,136.667,10 km,2.9,震度１
2024/01/03 21:23:07,石川県能登地方,37.384,136.885,0 km,2.5,震度１
2024/01/03 21:28:37,石川県能登地方,37.518,137.25,9 km,3.5,震度１
2024/01/03 21:31:14,石川県能登地方,37.152,136.717,7 km,2.7,震度１
2024/01/03 21:32:48,石川県能登地方,37.318,136.869,12 km,3.1,震度１
2024/01/03 21:42:47,石川県能登地方,37.169,136.736,6 km,3.1,震度２
2024/01/03 21:50:04,石川県能登地方,37.383,136.867,11 km,3.3,震度２
2024/01/03 22:01:38,千葉県北西部,35.651,140.219,12 km,2.5,震度１
2024/01/03 22:05:27,石川県能登地方,37.383,136.851,0 km,2.2,震度２
2024/01/03 22:07:18,石川県能登地方,37.351,136.786,8 km,3.6,震度１
2024/01/03 22:09:40,新潟県上中越沖,37.669,137.868,25 km,3.8,震度１
2024/01/03 22:23:47,能登半島沖,37.119,136.634,7 km,2.6,震度１
2024/01/03 22:26:27,石川県能登地方,37.484,137.3,11 km,3.2,震度３
2024/01/03 22:33:29,石川県能登地方,37.369,136.884,0 km,1.6,震度１
2024/01/03 22:57:51,石川県能登地方,37.35,137.084,11 km,2.1,震度１
2024/01/03 23:26:59,石川県能登地方,37.368,136.919,0 km,2.6,震度２
2024/01/03 23:33:17,石川県能登地方,37.317,136.983,13 km,4.2,震度３
2024/01/04 00:06:22,石川県能登地方,37.202,136.701,4 km,3,震度１
2024/01/04 00:12:24,石川県能登地方,37.368,136.867,12 km,3.8,震度２
2024/01/04 00:29:50,石川県能登地方,37.467,137.219,11 km,3.3,震度１
2024/01/04 00:36:54,石川県能登地方,37.452,137.118,11 km,4.9,震度４
2024/01/04 00:56:27,石川県能登地方,37.453,137.118,11 km,3.5,震度１
2024/01/04 01:18:04,石川県能登地方,37.35,137.017,11 km,2.8,震度１
2024/01/04 02:03:54,石川県能登地方,37.384,136.885,7 km,2.7,震度２
2024/01/04 02:10:16,石川県能登地方,37.184,136.684,5 km,2.2,震度１
2024/01/04 02:24:58,石川県能登地方,37.453,137.185,14 km,3.4,震度１
2024/01/04 02:32:41,能登半島沖,37.134,136.668,8 km,2.4,震度１
2024/01/04 02:47:13,石川県能登地方,37.183,136.702,0 km,2.5,震度１
2024/01/04 03:18:33,石川県能登地方,37.367,136.852,9 km,3.1,震度２
2024/01/04 03:27:22,石川県能登地方,37.5,137.285,12 km,3.3,震度２
2024/01/04 03:40:26,能登半島沖,37.2,136.619,7 km,2.2,震度１
2024/01/04 03:41:51,石川県能登地方,37.486,137.318,11 km,3.2,震度１
2024/01/04 03:53:45,石川県能登地方,37.384,137.051,7 km,1.8,震度１
2024/01/04 03:58:45,石川県能登地方,37.369,136.851,10 km,2.6,震度１
2024/01/04 04:04:01,能登半島沖,37.218,136.633,5 km,2.8,震度１
2024/01/04 04:11:59,石川県能登地方,37.469,137.184,11 km,2.9,震度１
2024/01/04 04:16:59,石川県能登地方,37.385,136.851,0 km,1.9,震度１
2024/01/04 04:27:16,能登半島沖,37.202,136.668,9 km,3.2,震度１
2024/01/04 04:32:00,石川県能登地方,37.201,136.718,5 km,2.5,震度１
2024/01/04 04:35:06,石川県能登地方,37.153,136.734,6 km,2.2,震度１
2024/01/04 04:38:43,佐渡付近,37.817,137.836,18 km,4.9,震度２
2024/01/04 05:14:56,石川県能登地方,37.418,137.118,8 km,3.5,震度１
2024/01/04 05:16:47,石川県能登地方,37.152,136.686,8 km,3.6,震度２
2024/01/04 05:22:37,石川県能登地方,37.352,136.918,9 km,2.7,震度１
2024/01/04 05:31:34,石川県能登地方,37.168,136.751,0 km,2.2,震度１
2024/01/04 05:51:10,石川県能登地方,37.252,136.752,8 km,3.4,震度１
2024/01/04 05:52:22,石川県能登地方,37.367,136.869,0 km,2.3,震度１
2024/01/04 06:02:19,石川県能登地方,37.152,136.686,7 km,2.7,震度２
2024/01/04 06:02:48,能登半島沖,37.536,137.334,8 km,3,震度２
2024/01/04 06:51:06,石川県能登地方,37.484,137.234,14 km,2.6,震度１
2024/01/04 07:29:26,石川県能登地方,37.401,136.986,7 km,3.2,震度１
2024/01/04 07:47:12,能登半島沖,37.201,136.667,8 km,3.3,震度２
2024/01/04 08:06:02,石川県能登地方,37.168,136.685,6 km,3.2,震度１
2024/01/04 08:11:35,石川県能登地方,37.233,136.867,13 km,3.6,震度１
2024/01/04 09:19:55,石川県能登地方,37.169,136.684,3 km,1.8,震度１
2024/01/04 10:10:00,石川県能登地方,37.401,137.201,13 km,4.1,震度３
2024/01/04 10:24:25,石川県能登地方,37.386,137.052,11 km,3.5,震度１
2024/01/04 10:47:49,富山湾,37.001,137.502,13 km,3.4,震度１